id,source,text,clean_text,label,target,audio_file
1,typed,Please launch Google Chrome.,please launch google chrome,OPEN_APP,chrome,
2,paraphrase,um look up weather in Östersund please,look up weather in stersund please,WEB_SEARCH,weather in Östersund,
3,whisper_transcript,Can you search what is a large language model?,can you search what is a large language model,WEB_SEARCH,what is a large language model,
4,typed,turn off the lights,turn off the lights,UNKNOWN,,
5,typed,summarize the clipboard please,summarize the clipboard please,SUMMARIZE_CLIPBOARD,,
6,paraphrase,send an email to my boss,send an email to my boss,UNKNOWN,,
7,whisper_transcript,Look up Swedish grammar rules,look up swedish grammar rules,WEB_SEARCH,Swedish grammar rules,
8,typed,find information about Mittuniversitetet library hours,find information about mittuniversitetet library hours,WEB_SEARCH,Mittuniversitetet library hours,
10,paraphrase,sing a song,sing a song,UNKNOWN,,
11,paraphrase,give me a summary of what I just copied,give me a summary of what i just copied,SUMMARIZE_CLIPBOARD,,
12,typed,open crome,open crome,OPEN_APP,chrome,
13,whisper_transcript,Don't forget that my wifi router is in the hallway,don't forget that my wifi router is in the hallway,SAVE_MEMORY,my wifi router is in the hallway,
14,whisper_transcript,Remember that my meeting is at ten.,remember that my meeting is at ten,SAVE_MEMORY,my meeting is at ten,
15,whisper_transcript,remember my meeting is at ten,remember my meeting is at ten,SAVE_MEMORY,my meeting is at ten,
16,typed,um look up FastAPI tutorials please,look up fastapi tutorials please,WEB_SEARCH,FastAPI tutorials,
17,typed,MAKE A NOTE: THE MEETING MOVED TO 3 PM,make a note the meeting moved to 3 pm,CREATE_NOTE,the meeting moved to 3 pm,
18,typed,when is the timetable meeting,when is the timetable meeting,RECALL_MEMORY,,
19,paraphrase,Launch Microsoft Edge,launch microsoft edge,OPEN_APP,edge,
20,typed,play the next episode,play the next episode,UNKNOWN,,
21,whisper_transcript,Make a note: pay the electricity bill,make a note pay the electricity bill,CREATE_NOTE,pay the electricity bill,
22,whisper_transcript,search the web for how to center a div,search the web for how to center a div,WEB_SEARCH,how to center a div,
23,typed,Show the Downloads folder,show the downloads folder,OPEN_FOLDER,downloads,
24,whisper_transcript,what's my favourite editor,what's my favourite editor,RECALL_MEMORY,,
25,paraphrase,remember my favourite editor is VS Code,remember my favourite editor is vs code,SAVE_MEMORY,my favourite editor is VS Code,
26,whisper_transcript,Take me to Documents,take me to documents,OPEN_FOLDER,documents,
27,typed,take a note that fix the login bug,take a note that fix the login bug,CREATE_NOTE,fix the login bug,
28,typed,Open my downloaded files.,open my downloaded files,OPEN_FOLDER,downloads,
29,typed,Can you search pydantic models tutorial?,can you search pydantic models tutorial,WEB_SEARCH,pydantic models tutorial,
30,typed,Don't forget that my locker code is in the blue notebook,don't forget that my locker code is in the blue notebook,SAVE_MEMORY,my locker code is in the blue notebook,
31,whisper_transcript,Did I tell you anything about class?,did i tell you anything about class,RECALL_MEMORY,,
32,whisper_transcript,Save that the deadline for DA598A is next week,save that the deadline for da598a is next week,SAVE_MEMORY,the deadline for DA598A is next week,
33,whisper_transcript,clipboard summary please,clipboard summary please,SUMMARIZE_CLIPBOARD,,
35,typed,Can you open docs?,can you open docs,OPEN_FOLDER,documents,
36,paraphrase,search the web for SQLite vs Postgres,search the web for sqlite vs postgres,WEB_SEARCH,SQLite vs Postgres,
37,typed,new note submit the project plan before Sunday,new note submit the project plan before sunday,CREATE_NOTE,submit the project plan before Sunday,
38,paraphrase,keep in mind that the timetable meeting is on Thursday,keep in mind that the timetable meeting is on thursday,SAVE_MEMORY,the timetable meeting is on Thursday,
39,paraphrase,Create a note saying that buy milk and bread.,create a note saying that buy milk and bread,CREATE_NOTE,buy milk and bread,
40,whisper_transcript,Can you search Mittuniversitetet library hours?,can you search mittuniversitetet library hours,WEB_SEARCH,Mittuniversitetet library hours,
41,whisper_transcript,Don't forget that the timetable meeting is on Thursday,don't forget that the timetable meeting is on thursday,SAVE_MEMORY,the timetable meeting is on Thursday,
42,typed,Look up vite react setup,look up vite react setup,WEB_SEARCH,vite react setup,
43,whisper_transcript,Google pydantic models tutorial,google pydantic models tutorial,WEB_SEARCH,pydantic models tutorial,
44,whisper_transcript,LAUNCH VSCODE,launch vscode,OPEN_APP,vscode,
45,typed,What do you remember about my charger?,what do you remember about my charger,RECALL_MEMORY,,
46,paraphrase,Go to my downloads,go to my downloads,OPEN_FOLDER,downloads,
47,paraphrase,Take me to pictures,take me to pictures,OPEN_FOLDER,pictures,
48,paraphrase,Can you summarise the text I copied?,can you summarise the text i copied,SUMMARIZE_CLIPBOARD,,
49,paraphrase,Make a note: buy milk and bread,make a note buy milk and bread,CREATE_NOTE,buy milk and bread,
50,whisper_transcript,Bring up Firefox,bring up firefox,OPEN_APP,firefox,
51,typed,Can you search train times Östersund to Stockholm?,can you search train times stersund to stockholm,WEB_SEARCH,train times Östersund to Stockholm,
52,paraphrase,Fire up a text editor,fire up a text editor,OPEN_APP,notepad,
53,paraphrase,Google React TypeScript microphone examples,google react typescript microphone examples,WEB_SEARCH,React TypeScript microphone examples,
54,whisper_transcript,Please remember that I lent my charger to Erik,please remember that i lent my charger to erik,SAVE_MEMORY,I lent my charger to Erik,
55,typed,where did I park,where did i park,RECALL_MEMORY,,
56,whisper_transcript,Save that Anna's birthday is in March,save that anna's birthday is in march,SAVE_MEMORY,Anna's birthday is in March,
57,typed,Don't forget that I parked on level 2,don't forget that i parked on level 2,SAVE_MEMORY,I parked on level 2,
58,typed,When is Anna's birthday?,when is anna's birthday,RECALL_MEMORY,,
59,paraphrase,new note read chapter 4 of the course book,new note read chapter 4 of the course book,CREATE_NOTE,read chapter 4 of the course book,
60,typed,um open VSCode,open vscode,OPEN_APP,vscode,
61,whisper_transcript,Do you remember when the exam is?,do you remember when the exam is,RECALL_MEMORY,,
62,paraphrase,take a note that practice the demo video,take a note that practice the demo video,CREATE_NOTE,practice the demo video,
63,paraphrase,Bring up vs coat,bring up vs coat,OPEN_APP,vscode,
64,typed,remember my wifi router is in the hallway,remember my wifi router is in the hallway,SAVE_MEMORY,my wifi router is in the hallway,
65,typed,I want to browse the internet,i want to browse the internet,OPEN_APP,chrome,
66,typed,Please remember that the exam is on the 14th,please remember that the exam is on the 14th,SAVE_MEMORY,the exam is on the 14th,
67,whisper_transcript,Save that I parked on level 2,save that i parked on level 2,SAVE_MEMORY,I parked on level 2,
68,typed,Start Chrome please,start chrome please,OPEN_APP,chrome,
69,whisper_transcript,who won the world cup,who won the world cup,UNKNOWN,,
70,typed,Launch Microsoft Excel,launch microsoft excel,OPEN_APP,excel,
71,whisper_transcript,Can you search best laptops for students 2026?,can you search best laptops for students 2026,WEB_SEARCH,best laptops for students 2026,
72,paraphrase,what is your name,what is your name,UNKNOWN,,
73,paraphrase,Delete all my files,delete all my files,UNKNOWN,,
74,paraphrase,Open the browser.,open the browser,OPEN_APP,chrome,
75,typed,Launch file explorer,launch file explorer,OPEN_APP,explorer,
77,whisper_transcript,find information about python list comprehension,find information about python list comprehension,WEB_SEARCH,python list comprehension,
79,typed,Make a note: book the study room,make a note book the study room,CREATE_NOTE,book the study room,
80,whisper_transcript,Take me to my downloads,take me to my downloads,OPEN_FOLDER,downloads,
81,typed,open photoshop,open photoshop,UNKNOWN,,
82,paraphrase,open my web browser,open my web browser,OPEN_APP,chrome,
83,whisper_transcript,open calculator,open calculator,OPEN_APP,calculator,
85,typed,Create a note saying that bring the laptop charger.,create a note saying that bring the laptop charger,CREATE_NOTE,bring the laptop charger,
86,paraphrase,Search Google for how to cook jollof rice.,search google for how to cook jollof rice,WEB_SEARCH,how to cook jollof rice,
87,typed,Could you open crome for me?,could you open crome for me,OPEN_APP,chrome,
88,typed,jot down fix the login bug,jot down fix the login bug,CREATE_NOTE,fix the login bug,
89,paraphrase,shut down the computer,shut down the computer,UNKNOWN,,
91,whisper_transcript,do you know when my presentation is,do you know when my presentation is,RECALL_MEMORY,,
92,whisper_transcript,Save that the exam is on the 14th,save that the exam is on the 14th,SAVE_MEMORY,the exam is on the 14th,
93,typed,what time is my meeting,what time is my meeting,RECALL_MEMORY,,
94,paraphrase,book a flight to Accra,book a flight to accra,UNKNOWN,,
95,typed,show me my desktop,show me my desktop,OPEN_FOLDER,desktop,
96,paraphrase,um look up Swedish grammar rules please,look up swedish grammar rules please,WEB_SEARCH,Swedish grammar rules,
97,paraphrase,Fire up calc,fire up calc,OPEN_APP,calculator,
98,typed,I need to code.,i need to code,OPEN_APP,vscode,
99,paraphrase,Could you open note pad for me?,could you open note pad for me,OPEN_APP,notepad,
100,whisper_transcript,Please launch calculater.,please launch calculater,OPEN_APP,calculator,
101,whisper_transcript,Search Google for SQLite vs Postgres.,search google for sqlite vs postgres,WEB_SEARCH,SQLite vs Postgres,
103,typed,Make a note: email the teacher about the deadline,make a note email the teacher about the deadline,CREATE_NOTE,email the teacher about the deadline,
105,whisper_transcript,um remember that my project presentation is on Friday,remember that my project presentation is on friday,SAVE_MEMORY,my project presentation is on Friday,
106,typed,Go to my photos,go to my photos,OPEN_FOLDER,pictures,
108,typed,Can you open Documents?,can you open documents,OPEN_FOLDER,documents,
109,typed,what was the deadline again,what was the deadline again,RECALL_MEMORY,,
110,typed,Create a note I need to finish my report tomorrow,create a note i need to finish my report tomorrow,CREATE_NOTE,I need to finish my report tomorrow,
111,typed,order a pizza,order a pizza,UNKNOWN,,
112,typed,Fire up Visual Studio Code,fire up visual studio code,OPEN_APP,vscode,
114,typed,What did I ask you to remember about Friday?,what did i ask you to remember about friday,RECALL_MEMORY,,
115,typed,Take me to desktop,take me to desktop,OPEN_FOLDER,desktop,
116,typed,uh show music folder,show music folder,OPEN_FOLDER,music,
118,typed,open voicepilot notes folder please,open notes folder please,OPEN_FOLDER,notes,
120,typed,restart my computer,restart my computer,UNKNOWN,,
122,typed,Can you start Chrome?,can you start chrome,OPEN_APP,chrome,
123,paraphrase,How are you today?,how are you today,UNKNOWN,,
124,paraphrase,I need spotify,i need spotify,OPEN_APP,spotify,
125,typed,Save that I lent my charger to Erik,save that i lent my charger to erik,SAVE_MEMORY,I lent my charger to Erik,
126,typed,Search Google for football results today.,search google for football results today,WEB_SEARCH,football results today,
127,typed,i want to do some maths,i want to do some maths,OPEN_APP,calculator,
128,whisper_transcript,um summarize my clipboard text,summarize my clipboard text,SUMMARIZE_CLIPBOARD,,
129,typed,play some music,play some music,OPEN_APP,spotify,
130,typed,Save that my project presentation is on Friday,save that my project presentation is on friday,SAVE_MEMORY,my project presentation is on Friday,
131,whisper_transcript,Create a note saying that submit the project plan before Sunday.,create a note saying that submit the project plan before sunday,CREATE_NOTE,submit the project plan before Sunday,
132,paraphrase,Search Google for React TypeScript microphone examples.,search google for react typescript microphone examples,WEB_SEARCH,React TypeScript microphone examples,
133,whisper_transcript,Take me to downloaded files,take me to downloaded files,OPEN_FOLDER,downloads,
134,typed,search the web for weather in Östersund,search the web for weather in stersund,WEB_SEARCH,weather in Östersund,
135,typed,Can you search how to cook jollof rice?,can you search how to cook jollof rice,WEB_SEARCH,how to cook jollof rice,
136,whisper_transcript,show me the download folder,show me the download folder,OPEN_FOLDER,downloads,
137,whisper_transcript,remind me what I told you about the router,remind me what i told you about the router,RECALL_MEMORY,,
138,typed,Could you open Visual Studio Code for me?,could you open visual studio code for me,OPEN_APP,vscode,
139,typed,When is my project presentation?,when is my project presentation,RECALL_MEMORY,,
140,whisper_transcript,CAN YOU START WORD?,can you start word,OPEN_APP,word,
141,paraphrase,What's the meaning of life?,what's the meaning of life,UNKNOWN,,
143,typed,keep in mind that my locker code is in the blue notebook,keep in mind that my locker code is in the blue notebook,SAVE_MEMORY,my locker code is in the blue notebook,
144,paraphrase,Open VS Code.,open vs code,OPEN_APP,vscode,
145,whisper_transcript,sum up what I copied,sum up what i copied,SUMMARIZE_CLIPBOARD,,
146,typed,Where is my locker code?,where is my locker code,RECALL_MEMORY,,
148,typed,transfer money to Anna,transfer money to anna,UNKNOWN,,
150,typed,open Google Chrome,open google chrome,OPEN_APP,chrome,
151,typed,write down pay the electricity bill,write down pay the electricity bill,CREATE_NOTE,pay the electricity bill,
152,typed,um open Spotify,open spotify,OPEN_APP,spotify,
153,typed,explain briefly what I copied,explain briefly what i copied,SUMMARIZE_CLIPBOARD,,
154,typed,Open the code editor.,open the code editor,OPEN_APP,vscode,
156,typed,What did I tell you earlier?,what did i tell you earlier,RECALL_MEMORY,,
158,typed,tl;dr my clipboard,tl dr my clipboard,SUMMARIZE_CLIPBOARD,,
159,whisper_transcript,tell me what you remember,tell me what you remember,RECALL_MEMORY,,
160,paraphrase,install Photoshop,install photoshop,UNKNOWN,,
161,paraphrase,uh show home folder,show home folder,OPEN_FOLDER,home,
163,typed,Short summary of the clipboard,short summary of the clipboard,SUMMARIZE_CLIPBOARD,,
164,typed,Read my clipboard and summarize it,read my clipboard and summarize it,SUMMARIZE_CLIPBOARD,,
165,typed,hey voicepilot open vs coat,open vs coat,OPEN_APP,vscode,
166,whisper_transcript,find information about FastAPI tutorials,find information about fastapi tutorials,WEB_SEARCH,FastAPI tutorials,
167,typed,Fire up the calculator,fire up the calculator,OPEN_APP,calculator,
168,paraphrase,Search Google for Whisper speech recognition.,search google for whisper speech recognition,WEB_SEARCH,Whisper speech recognition,
169,whisper_transcript,new note book the study room,new note book the study room,CREATE_NOTE,book the study room,
170,typed,um remember that my favourite editor is VS Code,remember that my favourite editor is vs code,SAVE_MEMORY,my favourite editor is VS Code,
171,typed,Tell me a joke,tell me a joke,UNKNOWN,,
172,whisper_transcript,Don't forget that Anna's birthday is in March,don't forget that anna's birthday is in march,SAVE_MEMORY,Anna's birthday is in March,
173,paraphrase,I need explorer,i need explorer,OPEN_APP,explorer,
175,whisper_transcript,Take me to videos,take me to videos,OPEN_FOLDER,videos,
176,whisper_transcript,what does the copied text say in short,what does the copied text say in short,SUMMARIZE_CLIPBOARD,,
177,whisper_transcript,new note call the dentist on Monday,new note call the dentist on monday,CREATE_NOTE,call the dentist on Monday,
178,whisper_transcript,I need Excel,i need excel,OPEN_APP,excel,
179,typed,summarise clipboard,summarise clipboard,SUMMARIZE_CLIPBOARD,,
180,typed,uh show Downloads,show downloads,OPEN_FOLDER,downloads,
182,paraphrase,show me my notes,show me my notes,OPEN_FOLDER,notes,
183,typed,show me my movies,show me my movies,OPEN_FOLDER,videos,
185,paraphrase,open calculater,open calculater,OPEN_APP,calculator,
186,typed,uh show docs,show docs,OPEN_FOLDER,documents,
187,typed,Open Notepad.,open notepad,OPEN_APP,notepad,
188,whisper_transcript,Could you open the code editor for me?,could you open the code editor for me,OPEN_APP,vscode,
190,whisper_transcript,Look up python list comprehension,look up python list comprehension,WEB_SEARCH,python list comprehension,
191,typed,what did i say about the deadline,what did i say about the deadline,RECALL_MEMORY,,
192,typed,remember I have class tomorrow,remember i have class tomorrow,SAVE_MEMORY,I have class tomorrow,
193,paraphrase,Look up Whisper speech recognition,look up whisper speech recognition,WEB_SEARCH,Whisper speech recognition,
194,typed,Can you search vite react setup?,can you search vite react setup,WEB_SEARCH,vite react setup,
195,paraphrase,thank you,thank you,UNKNOWN,,
197,typed,jot down read chapter 4 of the course book,jot down read chapter 4 of the course book,CREATE_NOTE,read chapter 4 of the course book,
198,typed,new note email the teacher about the deadline,new note email the teacher about the deadline,CREATE_NOTE,email the teacher about the deadline,
199,typed,um remember that the deadline for DA598A is next week,remember that the deadline for da598a is next week,SAVE_MEMORY,the deadline for DA598A is next week,
202,paraphrase,TRANSFER MONEY TO KEZIAH,transfer money to keziah,UNKNOWN,,
203,whisper_transcript,condense what is on my clipboard,condense what is on my clipboard,SUMMARIZE_CLIPBOARD,,
204,typed,Can you start the calculator?,can you start the calculator,OPEN_APP,calculator,
205,typed,find information about best laptops for students 2026,find information about best laptops for students 2026,WEB_SEARCH,best laptops for students 2026,
206,typed,find information about train times Östersund to Stockholm,find information about train times stersund to stockholm,WEB_SEARCH,train times Östersund to Stockholm,
207,whisper_transcript,Can you open the download folder?,can you open the download folder,OPEN_FOLDER,downloads,
208,typed,take a note that call the dentist on Monday,take a note that call the dentist on monday,CREATE_NOTE,call the dentist on Monday,
209,typed,Look up how to center a div,look up how to center a div,WEB_SEARCH,how to center a div,
210,whisper_transcript,take a note that I need to finish my report tomorrow,take a note that i need to finish my report tomorrow,CREATE_NOTE,I need to finish my report tomorrow,
211,typed,Don't forget that I have class tomorrow,don't forget that i have class tomorrow,SAVE_MEMORY,I have class tomorrow,
212,typed,jot down the meeting moved to 3 pm,jot down the meeting moved to 3 pm,CREATE_NOTE,the meeting moved to 3 pm,
213,paraphrase,make a summary of the copied text,make a summary of the copied text,SUMMARIZE_CLIPBOARD,,
215,paraphrase,Can you open my documents?,can you open my documents,OPEN_FOLDER,documents,
217,typed,summarize my clipboard,summarize my clipboard,SUMMARIZE_CLIPBOARD,,
218,typed,open edge,open edge,OPEN_APP,edge,
219,typed,write down bring the laptop charger,write down bring the laptop charger,CREATE_NOTE,bring the laptop charger,
220,typed,search for football results today,search for football results today,WEB_SEARCH,football results today,
221,typed,hey voicepilot open calc,open calc,OPEN_APP,calculator,
222,paraphrase,format my hard drive,format my hard drive,UNKNOWN,,
223,typed,open my documents folder please,open my documents folder please,OPEN_FOLDER,documents,
224,whisper_transcript,Create a note practice the demo video,create a note practice the demo video,CREATE_NOTE,practice the demo video,
226,whisper_transcript,show me images folder,show me images folder,OPEN_FOLDER,pictures,
227,whisper_transcript,open Microsoft Word,open microsoft word,OPEN_APP,word,
228,typed,Search Google for what is a large language model.,search google for what is a large language model,WEB_SEARCH,what is a large language model,
229,typed,Summarize what is currently in my clipboard.,summarize what is currently in my clipboard,SUMMARIZE_CLIPBOARD,,
230,typed,what have I asked you to remember,what have i asked you to remember,RECALL_MEMORY,,
