id,audio_file,label,whisper_heard,drop_reason
762eafd1fc,audio/762eafd1fc.webm,OPEN_APP,Good point. Good point.,target not recognised (e.g. misheard app name)
de90e2e5e6,audio/de90e2e5e6.webm,OPEN_APP,Coaching videos.,target not recognised (e.g. misheard app name)
f674b33dd2,audio/f674b33dd2.webm,OPEN_APP,Good Pima. Good Pima.,target not recognised (e.g. misheard app name)
ea82220370,audio/ea82220370.webm,OPEN_APP,And then continue that work.,target not recognised (e.g. misheard app name)
f783c9c915,audio/f783c9c915.webm,OPEN_APP,Open the ears. I'm listening.,target not recognised (e.g. misheard app name)
c653bce44b,audio/c653bce44b.webm,OPEN_APP,Open Corp.,target not recognised (e.g. misheard app name)
8ff0f45e25,audio/8ff0f45e25.webm,OPEN_APP,Open folder,target not recognised (e.g. misheard app name)
2f9f8ad2dd,audio/2f9f8ad2dd.webm,OPEN_APP,Open far as far as you can.,target not recognised (e.g. misheard app name)
05578c606e,audio/05578c606e.webm,OPEN_APP,"The open zoom, well placed.",target not recognised (e.g. misheard app name)
5ea76ad026,audio/5ea76ad026.webm,OPEN_APP,Open and send a new way.,target not recognised (e.g. misheard app name)
923aacd76b,audio/923aacd76b.webm,OPEN_APP,Open file explorer.,kept
e7ceff4c4b,audio/e7ceff4c4b.webm,OPEN_FOLDER,Open folder,target not recognised (e.g. misheard app name)
eee79e77e0,audio/eee79e77e0.webm,OPEN_FOLDER,Open my downloads.,kept
27b556f1e0,audio/27b556f1e0.webm,OPEN_FOLDER,Take me to desk top.,target not recognised (e.g. misheard app name)
98542e8748,audio/98542e8748.webm,SUMMARIZE_CLIPBOARD,summarize my clip board,kept
d93cd5f970,audio/d93cd5f970.webm,WEB_SEARCH,Search on Google,kept
fe4c8ab192,audio/fe4c8ab192.webm,WEB_SEARCH,Search richmon on Google,kept
c506481332,audio/c506481332.webm,WEB_SEARCH,Search Kasia on Google Chrome.,kept
7f4ac3a82e,audio/7f4ac3a82e.webm,WEB_SEARCH,such rich man watching us to soon on Google Chrome.,kept
c93b9d3cb7,audio/c93b9d3cb7.webm,OPEN_APP,Open Microsoft Edge,kept
28df1f4810,audio/28df1f4810.webm,OPEN_APP,Open zoom.,target not recognised (e.g. misheard app name)
0018d17839,audio/0018d17839.webm,WEB_SEARCH,such rich one on Google,target not recognised (e.g. misheard app name)
9ae0e18a5c,audio/9ae0e18a5c.webm,WEB_SEARCH,Search Kasia on Google,kept
11672abc0c,audio/11672abc0c.webm,WEB_SEARCH,Set Rich Mon on Google.,target not recognised (e.g. misheard app name)
8c86ad45a0,audio/8c86ad45a0.webm,CREATE_NOTE,Create a node called HOPE,kept
35ca9e4ae0,audio/35ca9e4ae0.webm,OPEN_APP,Open VS,target not recognised (e.g. misheard app name)
32d65fceb1,audio/32d65fceb1.webm,OPEN_FOLDER,down those and get to the side.,target not recognised (e.g. misheard app name)
335181118a,audio/335181118a.webm,OPEN_APP,Open VS.,target not recognised (e.g. misheard app name)
3bdae43c69,audio/3bdae43c69.webm,WEB_SEARCH,6 pz on google,target not recognised (e.g. misheard app name)
