id,timestamp,audio_file,label,target,prompt_text
762eafd1fc,2026-10-06T17:45:28,audio/762eafd1fc.webm,OPEN_APP,,
de90e2e5e6,2026-10-06T17:45:48,audio/de90e2e5e6.webm,OPEN_APP,,
f674b33dd2,2026-10-06T17:45:56,audio/f674b33dd2.webm,OPEN_APP,,
ea82220370,2026-10-06T17:46:00,audio/ea82220370.webm,OPEN_APP,,
f783c9c915,2026-10-06T17:50:44,audio/f783c9c915.webm,OPEN_APP,,
c653bce44b,2026-10-06T17:51:40,audio/c653bce44b.webm,OPEN_APP,,
8ff0f45e25,2026-10-06T17:51:46,audio/8ff0f45e25.webm,OPEN_APP,,
2f9f8ad2dd,2026-10-06T17:51:49,audio/2f9f8ad2dd.webm,OPEN_APP,,
05578c606e,2026-10-06T17:59:39,audio/05578c606e.webm,OPEN_APP,,
5ea76ad026,2026-10-06T20:56:31,audio/5ea76ad026.webm,OPEN_APP,,
923aacd76b,2026-10-06T20:56:44,audio/923aacd76b.webm,OPEN_APP,,
